{
    "comments": {
        "lineComment": "//",
        "blockComment": ["/*", "*/"]
    },
    "brackets": [
        ["{", "}"],
        ["[", "]"],
        ["(", ")"]
    ],
    "autoClosingPairs": [
        ["{", "}"],
        ["\"", "\""],
        ["'", "'"]
    ],
    "surroundingPairs": [
        ["{", "}"],
        ["[", "]"],
        ["(", ")"],
        ["\"", "\""],
        ["'", "'"]
    ],
    "folding": {
        "markers": {
            "start": "^\\s*//\\s*#region",
            "end": "^\\s*//\\s*#endregion"
        }
    },
    "wordPattern": "(-?\\d*\\.\\d\\w*)|([^\\`\\~\\!\\@\\#\\%\\^\\&\\*\\(\\)\\-\\=\\+\\[\\{\\]\\}\\\\\\|\\;\\:\\'\\\"\\,\\.\\<\\>\\/\\?\\s]+)",
    "indentationRules": {
        "increaseIndentPattern": "^.*\\{[^}\"']*$",
        "decreaseIndentPattern": "^\\s*\\}"
    },
    "onEnterRules": [
        {
            "beforeText": "^\\s*\\{[^}]*$",
            "action": {
                "indent": "indent"
            }
        },
        {
            "beforeText": "^\\s*\\}",
            "action": {
                "indent": "outdent"
            }
        }
    ]
}